земля	55379
нефть	54947
материал	52172
вес	35400
протеин	32748
масса	20431
вид	20250
продукт	18444
мясо	15404
место	13678
погода	13541
вещество	12684
луг	10034
руда	9622
глина	8909
вода	8898
клейковина	7955
белок	7790
воздух	7650
яйцо	6872
ветер	6188
почва	5560
клетчатка	5474
кожа	5377
молоко	5305
песок	5105
рыба	4891
жир	4802
лес	4703
трава	4548
бензол	4399
подвал	4283
стена	4261
дрова	4114
туман	4039
ткань	3703
помещение	3485
картофель	3075
ночь	3063
овощ	2919
состояние	2795
зерно	2581
биомасса	2367
дуб	2347
дерево	2295
штукатурка	2201
мгла	2176
платина	2145
уголь	2091
землянка	2052
могила	1946
лист	1912
климат	1823
снег	1773
картошка	1766
тесто	1765
холод	1683
зола	1679
комната	1662
форма	1648
запах	1495
участок	1446
газ	1405
грунт	1397
низина	1379
произведение	1366
берег	1361
свекла	1351
древесина	1319
крахмал	1314
прохлада	1301
каземат	1292
кирпич	1277
окоп	1273
смесь	1245
камера	1215
резина	1208
мох	1197
тьма	1155
животное	1140
каучук	1139
факт	1126
масло	1125
корень	1099
соль	1079
лето	1051
год	1048
осень	1030
день	1026
ил	1016
доска	1014
камень	1000
печень	991
хлеб	986
время	985
угол	966
темнота	944
шкура	926
морковь	925
квартира	921
яма	894
кокон	882
бор	870
пятно	844
полено	839
солома	836
сок	828
спирт	819
одежда	818
овраг	807
утро	783
пища	779
ущелие	772
погреб	769
торф	751
окатыш	749
коридор	737
шерсть	709
тряпка	684
лук	679
пол	675
местообитание	666
желток	662
ветка	661
кость	643
подземелье	638
вечер	633
бревно	629
скала	628
антрацен	617
картофелина	614
белье	613
плод	601
образец	597
прочность	593
фрукт	589
свежесть	581
осадок	580
капуста	575
известняк	566
гриб	566
местность	553
навеска	534
поле	530
листва	526
говядина	522
хлопок	511
небо	506
холодок	496
темница	493
бумага	485
тень	482
матерьял	454
барак	450
экстракт	448
грязь	440
ветерок	439
жом	432
мрак	429
магнезит	428
пещера	423
земл	409
бензин	407
тишина	407
весна	395
полумрак	394
конденсат	394
поверхность	393
топливо	391
кора	391
печенка	387
доломит	384
шинель	382
дом	371
фенол	370
дорога	370
зима	366
свод	360
тюрьма	359
железо	359
шелк	358
смола	353
сумерки	351
кровь	351
простыня	343
яблоко	338
луговина	334
фарш	333
мать	328
облако	327
сумрак	322
туча	309
пар	307
кислота	306
металл	303
концентрат	298
тундра	296
болото	295
долина	293
хвоя	292
эмаль	283
сено	283
темень	283
мука	283
семя	282
постель	276
глубина	276
навоз	274
овчина	272
алмаз	265
сук	262
человек	260
бетон	259
препарат	259
известь	257
табак	256
дыхание	255
полотенце	252
шахта	244
эфир	241
полутьма	240
сережка	240
зелень	239
опилки	238
условие	237
понижение	235
кусок	235
блиндаж	235
ком	235
улица	234
воск	232
сапог	232
товар	231
рис	230
данные	229
дорожка	225
клубень	222
пиломатериал	222
кустарник	220
сало	219
матерйал	219
скамья	218
кофе	217
резеда	215
асфальт	214
ложбина	212
атмосфера	212
склон	211
дым	211
лужайка	210
тип	204
портянка	201
голос	200
канава	200
клетка	200
гранула	198
опилка	197
фосфат	196
материя	196
медь	196
тропинка	193
слой	191
растение	191
початок	190
мат	189
аргон	188
водоросль	187
шихта	187
котлета	183
коренья	183
известка	182
осина	181
морковка	181
глаз	179
тайга	179
хворост	178
конина	176
костер	176
сталь	175
грудь	174
заготовка	174
сад	173
скамейка	173
помет	173
полночь	172
объем	172
земль	172
рука	172
ветвь	166
изделие	166
шпон	164
лицо	163
чулан	163
пастбище	163
заросль	161
брикет	160
траншея	158
комок	158
поляна	157
каморка	157
шкурка	155
стружка	153
ствол	153
сахар	152
дно	152
полимер	149
фракция	149
кукуруза	148
рассвет	148
женщина	145
лощина	144
часть	144
гниль	142
баранина	142
колодец	141
город	139
стебель	139
пласт	139
след	138
корм	138
продукция	137
тепло	137
чернозем	137
ельник	136
коновязь	133
клубенек	132
снежок	131
сырье	129
дыра	129
горох	128
пшеница	127
конура	127
луковица	127
хлопья	126
потолок	126
глицерин	125
здание	124
он	123
фитомасса	123
вата	122
рожь	122
ягода	121
плесень	121
нора	120
склеп	120
тело	119
лесоматериал	118
пространство	117
сода	116
сквозняк	116
степь	116
оттепель	115
ветчина	115
мицелий	115
сила	114
краска	113
пульпа	112
щепка	112
мякоть	111
дрожжи	110
валежник	110
ложбинка	110
духота	109
клок	109
просо	107
беизол	106
дух	106
пленка	106
гумус	106
мороз	104
комнатушка	103
великолепие	103
лепешка	102
одиночка	102
стужа	102
боры	102
сени	101
жилище	101
мысль	101
пелена	100
прогорклость	100
свинина	99
пушнина	99
сливки	98
месяц	97
казарма	97
покрышка	97
волос	96
гипс	96
старуха	95
звук	95
яичко	94
шпала	93
порода	93
землица	93
неф	92
кристалл	92
формовка	92
стенка	92
чурка	91
полумгла	91
рукопись	90
аллея	88
крупа	88
матергал	87
карцер	87
полость	87
стержень	84
тротуар	84
береза	83
кокс	82
изба	82
сарай	82
палка	81
щель	81
борозда	81
суглинок	80
валенок	79
скрип	79
корневище	79
палуба	78
репа	77
палатка	77
планктон	77
комнатка	77
куст	76
проба	76
фосфорит	76
н	75
панты	75
денек	75
отходы	75
осадки	74
лестница	74
осинник	74
язык	73
волокно	73
мостовая	73
опиум	72
пыль	72
плащ	71
нога	71
сосуд	70
кол	70
каолин	69
весы	69
брюки	69
дымок	68
сосна	68
я	67
курица	67
тяжесть	67
горечь	66
лак	66
оттиск	66
глазурь	66
струя	66
корение	66
мозг	65
алюминий	65
рубаха	65
листок	65
городок	64
прель	64
петербург	64
сукно	64
роса	63
груздь	63
порох	63
уголок	63
землт	63
нитропродукт	63
легкое	62
метель	62
аромат	62
тетива	62
мел	61
груда	61
чугун	61
плита	61
соединение	60
щепа	60
пальто	60
перила	60
реальность	60
орех	60
солончак	60
ивняк	60
лиственничник	60
злак	59
полоса	59
отпечаток	58
застенок	58
тыква	58
земелька	58
спичка	57
гул	57
опушка	57
нафталин	57
погонщик	57
подстилка	57
дверь	56
брюква	56
земелюшка	56
тунец	56
изморозь	56
низинка	56
чаща	55
действительность	55
темя	55
помидор	55
п	54
газета	53
природа	53
платье	53
колонна	53
сигарета	52
оппозиция	52
катакомба	51
кетон	51
полуподвал	51
куча	51
низменность	51
тропа	51
палец	51
почка	50
копна	50
балка	50
тальник	50
цветок	50
покров	50
страна	50
цемент	49
тряпочка	49
конец	49
идея	49
свинец	49
острог	49
кочка	49
боб	49
корнеплод	48
документ	48
полянка	48
брезент	48
испарение	47
тес	47
переулок	47
они	47
настроение	47
ботинок	47
обувь	47
красота	47
папироса	46
джут	46
поток	46
она	46
работа	45
мешок	45
ворота	45
номер	45
переход	45
голова	44
жилье	44
щекотка	44
пропасть	44
баба	44
пустота	44
рудник	44
даль	44
матушка	44
теплота	43
фасад	43
бифштекс	43
литератор	43
тоннель	43
жизнь	42
равнина	42
пень	42
комплекция	42
чернота	41
натура	41
ольха	41
дерн	41
потемки	41
кто	41
башня	41
валка	40
спальня	40
пах	40
темь	40
пеленка	40
